nome_societa,email,scheda_tc,stato,data_contatto,note,risposta
A Ferraris Villanova 1956,ferrarisvillanova1956@gmail.com,https://www.tuttocampo.it/2025-26/Lazio/GiovanissimiProvincialiU15/GironeEProvincialiRoma/Squadra/AFerrarisVillanova1956/1290710/Scheda ,Inviato,2026-07-21,
Academy Casalotti,academycasalotti@gmail.com,https://www.tuttocampo.it/2025-26/Lazio/GiovanissimiProvincialiU14/GironeCProvincialiFasciaBRoma/Squadra/AcademyCasalotti/1291088/Scheda ,Inviato,2026-07-21,
Academy Cynthia Genzano,,https://www.tuttocampo.it/2025-26/Lazio/GiovanissimiProvincialiU15/GironeFProvincialiRoma/Squadra/AcademyCynthiaGenzano/1290713/Scheda ,Da contattare,,
Academy Giovanni Castello,segreteria@gcastellocalcio.it,https://www.tuttocampo.it/2025-26/Lazio/GiovanissimiRegionaliU15/GironeE/Squadra/AcademyGiovanniCastello/1035364/Scheda ,Inviato,2026-07-20,
Academy Grifone,N/D,https://www.tuttocampo.it/2025-26/Lazio/GiovanissimiRegionaliU15/GironeE/Squadra/AcademyGrifone/1237913/Scheda ,Da contattare,,
Academy Ladispoli,ladsrl@tiscali.it,https://www.tuttocampo.it/2025-26/Lazio/GiovanissimiRegionaliU15/GironeARegionali/Squadra/AcademyLadispoli/1035364/Scheda ,Inviato,2026-07-20,
Academy Mundial F.C.,,https://www.tuttocampo.it/2025-26/Lazio/GiovanissimiProvincialiU15/GironeBProvincialiRoma/Squadra/AcademyMundialFC/1290714/Scheda ,Da contattare,,
Academy Ostiamare,,https://www.tuttocampo.it/2025-26/Lazio/GiovanissimiProvincialiU15/GironeAProvincialiRoma/Squadra/AcademyOstiamare/1290676/Scheda ,Da contattare,,
Academy SVS Roma,,https://www.tuttocampo.it/2025-26/Lazio/AllieviRegionaliU16/GironeE/Squadra/AcademySVSRoma/1104173/Scheda ,Da contattare,,
Academy TTT Pro,,https://www.tuttocampo.it/2025-26/Lazio/GiovanissimiProvincialiU15/GironeHRoma/Squadra/AcademyTTTPro/1247885/Scheda ,Da contattare,,
Accad. Calciatori Lepanto,direzione@accademiacalciatori.club,https://www.tuttocampo.it/2025-26/Lazio/GiovanissimiRegionaliU15/GironeDRegionaliRoma/Squadra/AccadCalciatoriLepanto/1026237/Scheda ,Inviato,2026-07-20,
Accademia Alba Testaccio,,https://www.tuttocampo.it/2025-26/Lazio/AllieviRegionaliU17/GironeE/Squadra/AccademiaAlbaTestaccio/1042236/Scheda ,Da contattare,,
Accademia Atl. Lodigiani,accademiatlodigiani@gmail.com,https://www.tuttocampo.it/2025-26/Lazio/GiovanissimiEliteU15/GironeAEccellenza/Squadra/AccademiaAtlLodigiani/1025109/Scheda ,Inviato,2026-07-20,
Accademia Calcio Frascati,accademiacalciofrascati@gmail.com,https://www.tuttocampo.it/2025-26/Lazio/GiovanissimiRegionaliU15/GironeDRegionaliRoma/Squadra/AccademiaCalcioFrascati/1247896/Scheda ,Inviato,2026-07-20,
Accademia Calcio Sabina SL,N/D,https://www.tuttocampo.it/2025-26/Lazio/GiovanissimiRegionaliU15/GironeBRegionali/Squadra/AccademiaCalcioSabinaSL/1126201/Scheda ,Da contattare,,
Accademia Ceccano Calcio 1920,N/D,https://www.tuttocampo.it/2025-26/Lazio/AllieviRegionaliU17/GironeDRegionali/Squadra/AccademiaCeccanoCalcio1920/1245340/Scheda ,Da contattare,,
Accademia Frosinone,N/D,https://www.tuttocampo.it/2025-26/Lazio/GiovanissimiEliteU15/GironeBEccellenza/Squadra/AccademiaFrosinone/1059200/Scheda ,Da contattare,,
Accademia Gialloazzurri,accademiagialloazzurri@gmail.com,https://www.tuttocampo.it/2025-26/Lazio/GiovanissimiRegionaliU15/GironeARegionali/Squadra/AccademiaGialloazzurri/1237913/Scheda ,Inviato,2026-07-20,
Accademia R. Tuscolano C.,,https://www.tuttocampo.it/2025-26/Lazio/GiovanissimiRegionaliU14/GironeE/Squadra/AccademiaRTuscolanoC/1145704/Scheda ,Da contattare,,
Accademia Sansa,,https://www.tuttocampo.it/2025-26/Lazio/GiovanissimiProvincialiU15/GironeCProvincialiRoma/Squadra/AccademiaSansa/1290695/Scheda ,Da contattare,,
Accademia Sporting Roma,,https://www.tuttocampo.it/2025-26/Lazio/JunioresRegionaliBU19/GironeBRegionaliB/Squadra/AccademiaSportingRoma/1026010/Scheda ,Da contattare,,
Accademia Torrenova,,https://www.tuttocampo.it/2025-26/Lazio/GiovanissimiProvincialiU14/GironeFProvincialiFasciaBRoma/Squadra/AccademiaTorrenova/1291228/Scheda ,Da contattare,,
Achillea 2002,achillea-2002@libero.it,https://www.tuttocampo.it/2025-26/Lazio/GiovanissimiRegionaliU15/GironeBRegionali/Squadra/Achillea2002/1025026/Scheda ,Inviato,2026-07-20,
Acquacetosa Centro Calcio,ccacquacetosa@gmail.com,https://www.tuttocampo.it/2025-26/Lazio/GiovanissimiRegionaliU15/GironeBRegionali/Squadra/AcquacetosaCentroCalcio/1025899/Scheda ,Inviato,2026-07-20,
ACR Football Club,,https://www.tuttocampo.it/2025-26/Lazio/AllieviProvincialiU16/GironeFRoma/Squadra/ACRFootballClub/1247156/Scheda ,Da contattare,,
Agora Latina Polisportiva,agoralatinassd@gmail.com,https://www.tuttocampo.it/2025-26/Lazio/GiovanissimiRegionaliU14/GironeCRegionali/Squadra/AgoraLatinaPolisportiva/1025968/Scheda ,Inviato,2026-07-20,
Akkademy Aprilia,,https://www.tuttocampo.it/2025-26/Lazio/GiovanissimiRegionaliU14/GironeCRegionali/Squadra/AkkademyAprilia/1244577/Scheda ,Da contattare,,
Alatri,asdalatri@yahoo.com,https://www.tuttocampo.it/2025-26/Lazio/AllieviRegionaliU17/GironeDRegionali/Squadra/Alatri/1243951/Scheda ,Inviato,2026-07-20,
Alba Roma 1907,info@albaroma1907.it,https://www.tuttocampo.it/2025-26/Lazio/GiovanissimiRegionaliU15/GironeE/Squadra/AlbaRoma1907/1145605/Scheda ,Inviato,2026-07-20,
Albacynthia,,https://www.tuttocampo.it/2025-26/Lazio/GiovanissimiProvincialiU14/GironeIRoma/Squadra/Albacynthia/1291352/Scheda ,Da contattare,,
Albalonga,N/D,https://www.tuttocampo.it/2025-26/Lazio/GiovanissimiRegionaliU15/GironeE/Squadra/Albalonga/1020275/Scheda ,Da contattare,,
Allumiere,,https://www.tuttocampo.it/2025-26/Lazio/GiovanissimiProvincialiU14/GironeHProvincialiFasciaBRoma/Squadra/Allumiere/1291337/Scheda ,Da contattare,,
Almas Roma,,https://www.tuttocampo.it/2025-26/Lazio/GiovanissimiProvincialiU15/GironeHRoma/Squadra/AlmasRoma/1205660/Scheda ,Da contattare,,
Anguillara Calcio,,https://www.tuttocampo.it/2025-26/Lazio/GiovanissimiProvincialiU14/GironeHProvincialiFasciaBRoma/Squadra/AnguillaraCalcio/1145685/Scheda ,Da contattare,,
Aniene Calcio,attiliononni@libero.it,https://www.tuttocampo.it/2025-26/Lazio/AllieviRegionaliU17/GironeBRegionali/Squadra/AnieneCalcio/1128805/Scheda ,Inviato,2026-07-20,
Anxur Terracina,,https://www.tuttocampo.it/2025-26/Lazio/AllieviRegionaliU17/GironeCRegionali/Squadra/AnxurTerracina/1244814/Scheda ,Da contattare,,
Anzio Calcio 1924,anziocalcio1924@libero.it,https://www.tuttocampo.it/2025-26/Lazio/GiovanissimiRegionaliU15/GironeCRegionali/Squadra/AnzioCalcio1924/1024545/Scheda ,Inviato,2026-07-20,
Aquilotti Lazio C5,N/D,https://www.tuttocampo.it/2025-26/Lazio/AllieviRegionaliU16/GironeDRegionali/Squadra/AquilottiLazioC5/1203850/Scheda ,Da contattare,,
Aranova,asdaranova@gmail.com,https://www.tuttocampo.it/2025-26/Lazio/GiovanissimiRegionaliU15/GironeARegionali/Squadra/Aranova/1145605/Scheda ,Inviato,2026-07-20,
Arce 1932,usdarce1932@gmail.com,https://www.tuttocampo.it/2025-26/Lazio/GiovanissimiRegionaliU15/GironeDRegionaliRoma/Squadra/Arce1932/1244572/Scheda ,Inviato,2026-07-20,
Ardea College Football Club,,https://www.tuttocampo.it/2025-26/Lazio/GiovanissimiProvincialiU15/GironeFProvincialiRoma/Squadra/ArdeaCollegeFootballClub/1247872/Scheda ,Da contattare,,
Ariccia Calcio,,https://www.tuttocampo.it/2025-26/Lazio/JunioresProvincialiU19/GironeBRomaProvinciali/Squadra/AricciaCalcio/1290433/Scheda ,Da contattare,,
Ass Sport Pontedi Nona,,https://www.tuttocampo.it/2025-26/Lazio/GiovanissimiProvincialiU14/GironeFProvincialiFasciaBRoma/Squadra/AssSportPontediNona/1291229/Scheda ,Da contattare,,
Astrea,asastrea.dap@giustizia.it,https://www.tuttocampo.it/2025-26/Lazio/AllieviRegionaliU17/GironeARegionali/Squadra/Astrea/1035855/Scheda ,Inviato,2026-07-20,
Athletic Soccer Academy,asd.asasoccer@gmail.com,https://www.tuttocampo.it/2025-26/Lazio/JunioresEliteU19/GironeA/Squadra/AthleticSoccerAcademy/1027438/Scheda ,Inviato,2026-07-20,
Atl. Roma Nord Lodigiani,info@atlromanordlodigiani.it,https://www.tuttocampo.it/2025-26/Lazio/GiovanissimiRegionaliU15/GironeDRegionaliRoma/Squadra/AtlRomaNordLodigiani/1237973/Scheda ,Inviato,2026-07-20,
Atletica Roma 6,,https://www.tuttocampo.it/2025-26/Lazio/GiovanissimiProvincialiU15/GironeHRoma/Squadra/AtleticaRoma6/1247888/Scheda ,Da contattare,,
Atletico,,https://www.tuttocampo.it/2025-26/Lazio/GiovanissimiProvincialiU15/GironeHRoma/Squadra/Atletico/1290699/Scheda ,Da contattare,,
Atletico 2000,agonisticaatletico2000@gmail.com,https://www.tuttocampo.it/2025-26/Lazio/GiovanissimiEliteU15/GironeBEccellenza/Squadra/Atletico2000/1080535/Scheda ,Inviato,2026-07-20,
Atletico Castel Porziano,,https://www.tuttocampo.it/2025-26/Lazio/JunioresProvincialiU19/GironeARomaProvinciali/Squadra/AtleticoCastelPorziano/1290429/Scheda ,Da contattare,,
Atletico Cimina Falisca,,https://www.tuttocampo.it/2025-26/Lazio/JunioresRegionaliBU19/GironeARegionaliFasciaB/Squadra/AtleticoCiminaFalisca/1201994/Scheda ,Da contattare,,
Atletico Focene,,https://www.tuttocampo.it/2025-26/Lazio/GiovanissimiProvincialiU15/GironeAProvincialiRoma/Squadra/AtleticoFocene/1290678/Scheda ,Da contattare,,
Atletico Lariano,asdatleticolariano1963@gmail.com,https://www.tuttocampo.it/2025-26/Lazio/GiovanissimiRegionaliU15/GironeDRegionaliRoma/Squadra/AtleticoLariano/1107536/Scheda ,Inviato,2026-07-20,
Atletico Monteporzio,,https://www.tuttocampo.it/2025-26/Lazio/JunioresRegionaliBU19/GironeDRegionaliB/Squadra/AtleticoMonteporzio/1082509/Scheda ,Da contattare,,
Atletico Morena,Segreteria@atleticoraikemorena.com,https://www.tuttocampo.it/2025-26/Lazio/GiovanissimiRegionaliU15/GironeDRegionaliRoma/Squadra/AtleticoMorena/1062967/Scheda ,Inviato,2026-07-20,
Atletico Torrenova 1986,atleticotorrenova1986@gmail.com,https://www.tuttocampo.it/2025-26/Lazio/GiovanissimiEliteU15/GironeBEccellenza/Squadra/AtleticoTorrenova1986/1104426/Scheda ,Inviato,2026-07-20,
Atletico Tuscolano,,https://www.tuttocampo.it/2025-26/Lazio/GiovanissimiProvincialiU15/GironeHRoma/Squadra/AtleticoTuscolano/1290700/Scheda ,Da contattare,,
Atletico Veroli,N/D,https://www.tuttocampo.it/2025-26/Lazio/GiovanissimiRegionaliU15/GironeDRegionaliRoma/Squadra/AtleticoVeroli/1144509/Scheda ,Da contattare,,
Aurelia Antica Aurelio,segreteria@asdaureliaanticaaurelio.it,https://www.tuttocampo.it/2025-26/Lazio/AllieviRegionaliU16/GironeARegionali/Squadra/AureliaAnticaAurelio/1098323/Scheda ,Inviato,2026-07-20,
Autentica Roma,,https://www.tuttocampo.it/2025-26/Lazio/AllieviProvincialiU16/GironeEFasciaBRoma/Squadra/AutenticaRoma/1290598/Scheda ,Da contattare,,
Balduina Sporting Club,,https://www.tuttocampo.it/2025-26/Lazio/GiovanissimiProvincialiU15/GironeCProvincialiRoma/Squadra/BalduinaSportingClub/1205587/Scheda ,Da contattare,,
BarbatoFootballAcademy,segreteria@bfacademy.it,https://www.tuttocampo.it/2025-26/Lazio/AllieviRegionaliU16/GironeDRegionali/Squadra/BarbatoFootballAcademy/1244307/Scheda ,Inviato,2026-07-20,
Bertoni Calcio,calciobertoni@gmail.com,https://www.tuttocampo.it/2025-26/Lazio/AllieviRegionaliU17/GironeBRegionali/Squadra/BertoniCalcio/1146492/Scheda ,Inviato,2026-07-20,
Boreale,,https://www.tuttocampo.it/2025-26/Lazio/GiovanissimiEliteU15/GironeAEccellenza/Squadra/Boreale/1059192/Scheda ,Da contattare,,
Borghesiana,asdpolisportivaborghesiana@gmail.com,https://www.tuttocampo.it/2025-26/Lazio/GiovanissimiRegionaliU15/GironeDRegionaliRoma/Squadra/Borghesiana/1024752/Scheda ,Inviato,2026-07-20,
Borgo Palidoro,asdborgopalidoro@gmail.com,https://www.tuttocampo.it/2025-26/Lazio/JunioresRegionaliBU19/GironeE/Squadra/BorgoPalidoro/1126792/Scheda ,Inviato,2026-07-21,
Bracciano Calcio,,https://www.tuttocampo.it/2025-26/Lazio/GiovanissimiProvincialiU14/GironeHProvincialiFasciaBRoma/Squadra/BraccianoCalcio/1291339/Scheda ,Da contattare,,
Brictense,,https://www.tuttocampo.it/2025-26/Lazio/AllieviProvincialiU16/GironeFRoma/Squadra/Brictense/1290615/Scheda ,Da contattare,,
BTS La Rustica,,https://www.tuttocampo.it/2025-26/Lazio/GiovanissimiProvincialiU15/GironeBProvincialiRoma/Squadra/BTSLaRustica/1247915/Scheda ,Da contattare,,
C.S.V. Breda,csvbreda2014@gmail.com,https://www.tuttocampo.it/2025-26/Lazio/GiovanissimiRegionaliU15/GironeE/Squadra/CSVBreda/1059056/Scheda ,Inviato,2026-07-20,
Calcio Tuscia,,https://www.tuttocampo.it/2025-26/Lazio/AllieviProvincialiU17/GironeCProvincialiRoma/Squadra/CalcioTuscia/1244983/Scheda ,Da contattare,,
Calcio ULN Consalvo 1972,,https://www.tuttocampo.it/2025-26/Lazio/GiovanissimiProvincialiU15/GironeHRoma/Squadra/CalcioULNConsalvo1972/1021387/Scheda ,Da contattare,,
Campus Eur 1960,info@campuseur.it,https://www.tuttocampo.it/2025-26/Lazio/GiovanissimiEliteU15/GironeAEccellenza/Squadra/CampusEur1960/1019897/Scheda ,Inviato,2026-07-20,
Canale Monterano Calcio,,https://www.tuttocampo.it/2025-26/Lazio/JunioresRegionaliBU19/GironeARegionaliFasciaB/Squadra/CanaleMonteranoCalcio/1204251/Scheda ,Da contattare,,
Capena Calcio 2021,,https://www.tuttocampo.it/2025-26/Lazio/GiovanissimiProvincialiU14/GironeDProvincialiFasciaBRoma/Squadra/CapenaCalcio2021/1248400/Scheda ,Da contattare,,
Cassino Calcio 1924,asdcassinocalciosettoregiovani@gmail.com,https://www.tuttocampo.it/2025-26/Lazio/GiovanissimiRegionaliU15/GironeDRegionaliRoma/Squadra/CassinoCalcio1924/1099439/Scheda ,Inviato,2026-07-20,
Castelverde Calcio,info@castelverdecalcio.it,https://www.tuttocampo.it/2025-26/Lazio/GiovanissimiRegionaliU14/GironeBRegionali/Squadra/CastelverdeCalcio/1244578/Scheda ,Inviato,2026-07-20,
CdC Academy,,https://www.tuttocampo.it/2025-26/Lazio/GiovanissimiProvincialiU15/GironeFProvincialiRoma/Squadra/CdCAcademy/1247916/Scheda ,Da contattare,,
Ceccano Calcio 1920,info@ceccanocalcio1920.it,https://www.tuttocampo.it/2025-26/Lazio/JunioresEliteU19/GironeB/Squadra/CeccanoCalcio1920/1042765/Scheda ,Inviato,2026-07-20,
Centro Giano,,https://www.tuttocampo.it/2025-26/Lazio/GiovanissimiProvincialiU14/GironeEProvincialiFasciaBRoma/Squadra/CentroGiano/1291217/Scheda ,Da contattare,,
Certosa,segreteriacertosacalcio@gmail.com,https://www.tuttocampo.it/2025-26/Lazio/GiovanissimiEliteU15/GironeBEccellenza/Squadra/Certosa/1035407/Scheda ,Inviato,2026-07-20,
Cesano,info@asdcesano.it,https://www.tuttocampo.it/2025-26/Lazio/GiovanissimiRegionaliU15/GironeARegionali/Squadra/Cesano/1020275/Scheda ,Inviato,2026-07-20,
Cinecitta Bettini,info@cinecittabettini.it,https://www.tuttocampo.it/2025-26/Lazio/GiovanissimiProvincialiU14/GironeLRoma/Squadra/CinecittaBettini/1291371/Scheda ,Inviato,2026-07-21,
Circolo Canottieri Roma,segreteria@canottieriroma.it,https://www.tuttocampo.it/2025-26/Lazio/GiovanissimiRegionaliU15/GironeARegionali/Squadra/CircoloCanottieriRoma/1059056/Scheda ,Inviato,2026-07-20,
Circolo Sportivo Italia,,https://www.tuttocampo.it/2025-26/Lazio/GiovanissimiProvincialiU15/GironeHRoma/Squadra/CircoloSportivoItalia/1247890/Scheda ,Da contattare,,
Città di Acilia,,https://www.tuttocampo.it/2025-26/Lazio/GiovanissimiProvincialiU15/GironeAProvincialiRoma/Squadra/CittadiAcilia/1247448/Scheda ,Da contattare,,
Città di Anagni Calcio,,https://www.tuttocampo.it/2025-26/Lazio/JunioresRegionaliBU19/GironeDRegionaliB/Squadra/CittadiAnagniCalcio/1204624/Scheda ,Da contattare,,
Citta di Cerveteri,segreteria@asdcittadicervetery.com,https://www.tuttocampo.it/2025-26/Lazio/GiovanissimiRegionaliU15/GironeARegionali/Squadra/CittaDiCerveteri/1063011/Scheda ,Inviato,2026-07-20,
Città di Cerveteri,segreteria@asdcittadicervetery.con,https://www.tuttocampo.it/2025-26/Lazio/GiovanissimiRegionaliU15/GironeARegionali/Squadra/CittadiCerveteri/1021344/Scheda ,Inviato,2026-07-20,
Città di Ciampino,info@polisportivacittadiciampino.it,https://www.tuttocampo.it/2025-26/Lazio/GiovanissimiEliteU15/GironeBEccellenza/Squadra/CittadiCiampino/1080537/Scheda ,Escluso,,
Città di Formia Calcio,ssdinsiemeformia@tiscali.it,https://www.tuttocampo.it/2025-26/Lazio/GiovanissimiRegionaliU15/GironeCRegionali/Squadra/CittadiFormiaCalcio/1025815/Scheda ,Inviato,2026-07-20,
Città di Lenola,,https://www.tuttocampo.it/2025-26/Lazio/JunioresRegionaliBU19/GironeCRegionaliB/Squadra/CittadiLenola/1168883/Scheda ,Da contattare,,
Città di Pomezia,,https://www.tuttocampo.it/2025-26/Lazio/JunioresRegionaliBU19/GironeE/Squadra/CittadiPomezia/1145345/Scheda ,Da contattare,,
Cittadei Papi,,https://www.tuttocampo.it/2025-26/Lazio/AllieviProvincialiU17/GironeCProvincialiRoma/Squadra/CittadeiPapi/1246208/Scheda ,Da contattare,,
Cittadi Acilia,,https://www.tuttocampo.it/2025-26/Lazio/GiovanissimiProvincialiU15/GironeAProvincialiRoma/Squadra/CittadiAcilia/1247448/Scheda ,Da contattare,,
Cittadi Anagni Calcio,,https://www.tuttocampo.it/2025-26/Lazio/JunioresRegionaliBU19/GironeDRegionaliB/Squadra/CittadiAnagniCalcio/1204624/Scheda ,Da contattare,,
Cittadi Fiano,cittadifiano2018@libero.it,https://www.tuttocampo.it/2025-26/Lazio/AllieviProvincialiU16/GironeFRoma/Squadra/CittadiFiano/1290616/Scheda ,Inviato,2026-07-21,
Cittadi Formia Calcio,,https://www.tuttocampo.it/2025-26/Lazio/GiovanissimiRegionaliU15/GironeCRegionali/Squadra/CittadiFormiaCalcio/1025815/Scheda ,Da contattare,,
Cittadi Lenola,,https://www.tuttocampo.it/2025-26/Lazio/JunioresRegionaliBU19/GironeCRegionaliB/Squadra/CittadiLenola/1168883/Scheda ,Da contattare,,
Cittadi Pomezia,,https://www.tuttocampo.it/2025-26/Lazio/JunioresRegionaliBU19/GironeE/Squadra/CittadiPomezia/1145345/Scheda ,Da contattare,,
CittadiCiampino,info@polisportivacittadiciampino.it,https://www.tuttocampo.it/2025-26/Lazio/GiovanissimiEliteU15/GironeBEccellenza/Squadra/CittadiCiampino/1080537/Scheda ,Escluso,,
City Football Club,,https://www.tuttocampo.it/2025-26/Lazio/GiovanissimiProvincialiU15/GironeAProvincialiRoma/Squadra/CityFootballClub/1205693/Scheda ,Da contattare,,
Civitavecchia Calcio 1920,asdcivitavecchiacalcio1920@gmail.com,https://www.tuttocampo.it/2025-26/Lazio/GiovanissimiEliteU15/GironeAEccellenza/Squadra/CivitavecchiaCalcio1920/1104378/Scheda ,Inviato,2026-07-20,
Club Calcio Passoscuro,,https://www.tuttocampo.it/2025-26/Lazio/GiovanissimiProvincialiU14/GironeHProvincialiFasciaBRoma/Squadra/ClubCalcioPassoscuro/1291340/Scheda ,Da contattare,,
Club Olimpico Romano,segreteria@clubolimpicoromano.it,https://www.tuttocampo.it/2025-26/Lazio/GiovanissimiEliteU15/GironeAEccellenza/Squadra/ClubOlimpicoRomano/1082416/Scheda ,Inviato,2026-07-20,
Colleferro Calcio,ssdcolleferrocalcio@libero.it,https://www.tuttocampo.it/2025-26/Lazio/GiovanissimiEliteU15/GironeBEccellenza/Squadra/ColleferroCalcio/1024396/Scheda ,Inviato,2026-07-20,
Collefiorito,,https://www.tuttocampo.it/2025-26/Lazio/GiovanissimiProvincialiU14/GironeDProvincialiFasciaBRoma/Squadra/Collefiorito/1248271/Scheda ,Da contattare,,
Colonna,,https://www.tuttocampo.it/2025-26/Lazio/GiovanissimiProvincialiU14/GironeFProvincialiFasciaBRoma/Squadra/Colonna/1021029/Scheda ,Da contattare,,
Cortina Sporting Club,cortinasportingclub@gmail.com,https://www.tuttocampo.it/2025-26/Lazio/AllieviRegionaliU16/GironeBRegionali/Squadra/CortinaSportingClub/1145545/Scheda ,Inviato,2026-07-21,
CVN Casal Bernocchi,,https://www.tuttocampo.it/2025-26/Lazio/GiovanissimiProvincialiU14/GironeEProvincialiFasciaBRoma/Squadra/CVNCasalBernocchi/1248363/Scheda ,Da contattare,,
Dabliu New Team,eur@dabliu.com,https://www.tuttocampo.it/2025-26/Lazio/GiovanissimiRegionaliU15/GironeE/Squadra/DabliuNewTeam/1063011/Scheda ,Inviato,2026-07-20,
Deportivo,davidedimonaco@libero.it,https://www.tuttocampo.it/2025-26/Lazio/GiovanissimiRegionaliU15/GironeDRegionaliRoma/Squadra/Deportivo/1204684/Scheda ,Inviato,2026-07-20,
DM 84 Cerveteri,,https://www.tuttocampo.it/2025-26/Lazio/AllieviProvincialiU17/GironeAProvincialiRoma/Squadra/DM84Cerveteri/1290488/Scheda ,Da contattare,,
Dopolavoro Football Club,segreteria@dlfcivitavecchia.it,https://www.tuttocampo.it/2025-26/Lazio/GiovanissimiRegionaliU15/GironeARegionali/Squadra/DopolavoroFootballClub/1104474/Scheda ,Inviato,2026-07-20,
Dreaming Football Academy,academy@dreamingfootball.org,https://www.tuttocampo.it/2025-26/Lazio/GiovanissimiRegionaliU15/GironeE/Squadra/DreamingFootballAcademy/1104474/Scheda ,Escluso,,
DuepigrecoRoma,,https://www.tuttocampo.it/2025-26/Lazio/JunioresRegionaliBU19/GironeBRegionaliB/Squadra/DuepigrecoRoma/1203713/Scheda ,Da contattare,,
Elis,sport@elis.org,https://www.tuttocampo.it/2025-26/Lazio/AllieviRegionaliU17/GironeBRegionali/Squadra/Elis/1128779/Scheda ,Inviato,2026-07-20,
Eur Dabliu 7.0,,https://www.tuttocampo.it/2025-26/Lazio/GiovanissimiRegionaliU15/GironeBRegionali/Squadra/EurDabliu70/1287263/Scheda ,Da contattare,,
Evergreen Civitavecchia,,https://www.tuttocampo.it/2025-26/Lazio/GiovanissimiProvincialiU14/GironeHProvincialiFasciaBRoma/Squadra/EvergreenCivitavecchia/1291341/Scheda ,Da contattare,,
Ezio Sella Academy,,https://www.tuttocampo.it/2025-26/Lazio/GiovanissimiProvincialiU15/GironeAProvincialiRoma/Squadra/EzioSellaAcademy/1247449/Scheda ,Da contattare,,
FAG Giannini,,https://www.tuttocampo.it/2025-26/Lazio/GiovanissimiProvincialiU14/GironeFProvincialiFasciaBRoma/Squadra/FAGGiannini/1291235/Scheda ,Da contattare,,
Faiti Sporting Club,faitisportingclub@gmail.com,https://www.tuttocampo.it/2025-26/Lazio/GiovanissimiRegionaliU15/GironeCRegionali/Squadra/FaitiSportingClub/1080902/Scheda ,Inviato,2026-07-21,
FC Grotte Celoni Roma VII,asdfcgrotteceloni@gmail.com,https://www.tuttocampo.it/2025-26/Lazio/GiovanissimiProvincialiU15/GironeFProvincialiRoma/Squadra/FCGrotteCeloniRomaVII/1247931/Scheda ,Inviato,2026-07-21,
FCRieti1936,footballclubrieti1936@gmail.com,https://www.tuttocampo.it/2025-26/Lazio/JunioresRegionaliBU19/GironeBRegionaliB/Squadra/FCRieti1936/1245405/Scheda ,Inviato,2026-07-21,
Ferentino Calcio,,https://www.tuttocampo.it/2025-26/Lazio/JunioresRegionaliBU19/GironeDRegionaliB/Squadra/FerentinoCalcio/1081268/Scheda ,Da contattare,,
Fidene,asdfidene2014@gmail.com,https://www.tuttocampo.it/2025-26/Lazio/AllieviRegionaliU17/GironeBRegionali/Squadra/Fidene/1146091/Scheda ,Inviato,2026-07-20,
Fiumicino S.C. 1926,ac.fonte.meravigliosa@gmail.com,https://www.tuttocampo.it/2025-26/Lazio/GiovanissimiRegionaliU15/GironeARegionali/Squadra/FiumicinoSC1926/1035988/Scheda ,Inviato,2026-07-20,
Fogaccia,,https://www.tuttocampo.it/2025-26/Lazio/GiovanissimiProvincialiU14/GironeLRoma/Squadra/Fogaccia/1291372/Scheda ,Da contattare,,
Fondi Calcio,asdfondicalcio@gmail.com,https://www.tuttocampo.it/2025-26/Lazio/GiovanissimiRegionaliU15/GironeCRegionali/Squadra/FondiCalcio/1042906/Scheda ,Inviato,2026-07-20,
Fonte Meravigliosa,ac.fonte.meravigliosa@gmail.com,https://www.tuttocampo.it/2025-26/Lazio/GiovanissimiRegionaliU15/GironeE/Squadra/FonteMeravigliosa/1035988/Scheda ,Inviato,2026-07-20,
Football Club Marino,,https://www.tuttocampo.it/2025-26/Lazio/GiovanissimiProvincialiU14/GironeIRoma/Squadra/FootballClubMarino/1248247/Scheda ,Da contattare,,
Football Jus,,https://www.tuttocampo.it/2025-26/Lazio/GiovanissimiProvincialiU15/GironeHRoma/Squadra/FootballJus/1205582/Scheda ,Da contattare,,
Formello Calcio CR,,https://www.tuttocampo.it/2025-26/Lazio/GiovanissimiProvincialiU14/GironeCProvincialiFasciaBRoma/Squadra/FormelloCalcioCR/1291090/Scheda ,Da contattare,,
Forte Bravetta,,https://www.tuttocampo.it/2025-26/Lazio/GiovanissimiProvincialiU15/GironeCProvincialiRoma/Squadra/ForteBravetta/1290696/Scheda ,Da contattare,,
Fortitudo Nepi Calcio,,https://www.tuttocampo.it/2025-26/Lazio/AllieviProvincialiU17/GironeCProvincialiRoma/Squadra/FortitudoNepiCalcio/1290313/Scheda ,Da contattare,,
Fortitudo Roma Club 1908,fortitudocr1908@gmail.com,https://www.tuttocampo.it/2025-26/Lazio/GiovanissimiRegionaliU15/GironeE/Squadra/FortitudoRomaClub1908/1205699/Scheda ,Inviato,2026-07-21,
Frassati Anagni,,https://www.tuttocampo.it/2025-26/Lazio/AllieviRegionaliU17/GironeDRegionali/Squadra/FrassatiAnagni/1204634/Scheda ,Da contattare,,
Fregene Maccarese Calcio,,https://www.tuttocampo.it/2025-26/Lazio/JunioresProvincialiU19/GironeARomaProvinciali/Squadra/FregeneMaccareseCalcio/1103868/Scheda ,Da contattare,,
Fulgur Tuscania,,https://www.tuttocampo.it/2025-26/Lazio/AllieviProvincialiU17/GironeCProvincialiRoma/Squadra/FulgurTuscania/1170261/Scheda ,Da contattare,,
Futbol Talenti,futboltalenti@gmail.com,https://www.tuttocampo.it/2025-26/Lazio/GiovanissimiProvincialiU15/GironeHRoma/Squadra/FutbolTalenti/1247922/Scheda ,Inviato,2026-07-21,
Garbatella 1920,,https://www.tuttocampo.it/2025-26/Lazio/GiovanissimiProvincialiU15/GironeAProvincialiRoma/Squadra/Garbatella1920/1129064/Scheda ,Da contattare,,
GDC Ponte di Nona,info@gdc-pontedinona.it,https://www.tuttocampo.it/2025-26/Lazio/GiovanissimiEliteU15/GironeBEccellenza/Squadra/GDCPontediNona/1025170/Scheda ,Inviato,2026-07-20,
Giochiamola Sempre,giochiamolasempre@libero.it,https://www.tuttocampo.it/2025-26/Lazio/GiovanissimiRegionaliU14/GironeE/Squadra/GiochiamolaSempre/1244582/Scheda ,Inviato,2026-07-20,
Gorilla,assogorilla@gmail.com,https://www.tuttocampo.it/2025-26/Lazio/GiovanissimiProvincialiU15/GironeBProvincialiRoma/Squadra/Gorilla/1247892/Scheda ,Inviato,2026-07-21,
Grifo Torre Angela,grifotorreangelasr@gmail.com,https://www.tuttocampo.it/2025-26/Lazio/GiovanissimiProvincialiU15/GironeFProvincialiRoma/Squadra/GrifoTorreAngela/1290716/Scheda ,Inviato,2026-07-21,
Grifone Calcio,segreteria@grifonecalcio.it,https://www.tuttocampo.it/2025-26/Lazio/GiovanissimiEliteU15/GironeBEccellenza/Squadra/GrifoneCalcio/1035410/Scheda ,Inviato,2026-07-20,
Grifone Gialloverde,calciomaschile@grifonegialloverde.com,https://www.tuttocampo.it/2025-26/Lazio/JunioresEliteU19/GironeA/Squadra/GrifoneGialloverde/1060036/Scheda ,Inviato,2026-07-20,
GSVVFF Sorgini,,https://www.tuttocampo.it/2025-26/Lazio/GiovanissimiProvincialiU15/GironeFProvincialiRoma/Squadra/GSVVFFSorgini/1290715/Scheda ,Da contattare,,
Guidonia,segreteriagenerale@guidoniamonteceliofc.it,https://www.tuttocampo.it/2025-26/Lazio/JunioresRegionaliBU19/GironeBRegionaliB/Squadra/Guidonia/1042090/Scheda ,Inviato,2026-07-21,
Hellas Bainsizza,h.bainsizza@gmail.com,https://www.tuttocampo.it/2025-26/Lazio/GiovanissimiRegionaliU15/GironeCRegionali/Squadra/HellasBainsizza/1168993/Scheda ,Inviato,2026-07-21,
Hellas Monteverde,,https://www.tuttocampo.it/2025-26/Lazio/GiovanissimiProvincialiU15/GironeAProvincialiRoma/Squadra/HellasMonteverde/1290682/Scheda ,Da contattare,,
Hermada,ssdhermada1946@gmail.com,https://www.tuttocampo.it/2025-26/Lazio/GiovanissimiRegionaliU15/GironeCRegionali/Squadra/Hermada/1024756/Scheda ,Inviato,2026-07-20,
Indomita Pomezia,,https://www.tuttocampo.it/2025-26/Lazio/GiovanissimiRegionaliU15/GironeCRegionali/Squadra/IndomitaPomezia/1104475/Scheda ,Da contattare,,
Infernetto Calcio,,https://www.tuttocampo.it/2025-26/Lazio/GiovanissimiProvincialiU15/GironeAProvincialiRoma/Squadra/InfernettoCalcio/1026087/Scheda ,Da contattare,,
Invictus2018,segreteria@scuoladeileoni.it,https://www.tuttocampo.it/2025-26/Lazio/GiovanissimiProvincialiU15/GironeBProvincialiRoma/Squadra/Invictus2018/1290691/Scheda ,Inviato,2026-07-21,
Jem\,calcetto@jemsport.it,https://www.tuttocampo.it/2025-26/Lazio/GiovanissimiEliteU15/GironeBEccellenza/Squadra/JemSSoccerAcademy/1084597/Scheda ,Inviato,2026-07-20,
JemSSoccerAcademy,calcetto@jemsport.it,https://www.tuttocampo.it/2025-26/Lazio/GiovanissimiEliteU15/GironeBEccellenza/Squadra/JemSSoccerAcademy/1084597/Scheda ,Inviato,2026-07-20,
Labico Calcio,asdlabicocalcio@gmail.com,https://www.tuttocampo.it/2025-26/Lazio/GiovanissimiProvincialiU14/GironeIRoma/Squadra/LabicoCalcio/1291353/Scheda ,Inviato,2026-07-21,
Latina Calcio 1932,info@latinacalcio1932.com,https://www.tuttocampo.it/2025-26/Lazio/GiovanissimiRegionaliU14/GironeCRegionali/Squadra/LatinaCalcio1932/1282660/Scheda ,Inviato,2026-07-21,
Latina Scalo 2020,N/D,https://www.tuttocampo.it/2025-26/Lazio/AllieviRegionaliU16/GironeCRegionali/Squadra/LatinaScalo2020/1204118/Scheda ,Da contattare,,
Lazio,,https://www.tuttocampo.it/2025-26/Lazio/GiovanissimiProvincialiU14/GironeBProvincialiFasciaBRoma/Squadra/Lazio/1248427/Scheda ,Da contattare,,
Lazio Women U 15,,https://www.tuttocampo.it/2025-26/Lazio/GiovanissimiProvincialiU14/GironeAProvincialiFasciaBRoma/Squadra/LazioWomenU15/1205863/Scheda ,Da contattare,,
Ledesma Academy,ledesma.academy@hotmail.com,https://www.tuttocampo.it/2025-26/Lazio/GiovanissimiRegionaliU15/GironeE/Squadra/LedesmaAcademy/1104433/Scheda ,Inviato,2026-07-21,
Libertas Centocelle,libertas2014@libero.it,https://www.tuttocampo.it/2025-26/Lazio/AllieviRegionaliU16/GironeBRegionali/Squadra/LibertasCentocelle/1027239/Scheda ,Inviato,2026-07-20,
Libertas Ottavia,,https://www.tuttocampo.it/2025-26/Lazio/GiovanissimiProvincialiU14/GironeCProvincialiFasciaBRoma/Squadra/LibertasOttavia/1248394/Scheda ,Da contattare,,
Lodigiani Calcio 1972,segreteria@lodigianicalcio1972.it,https://www.tuttocampo.it/2025-26/Lazio/GiovanissimiEliteU15/GironeBEccellenza/Squadra/LodigianiCalcio1972/1025132/Scheda ,Inviato,2026-07-20,
Longarina TSS 1944,info@tottisoccerschool.it,https://www.tuttocampo.it/2025-26/Lazio/GiovanissimiEliteU15/GironeAEccellenza/Squadra/LongarinaTSS1944/1037147/Scheda ,Inviato,2026-07-20,
Luiss,,https://www.tuttocampo.it/2025-26/Lazio/JunioresRegionaliBU19/GironeARegionaliFasciaB/Squadra/Luiss/1098097/Scheda ,Da contattare,,
Lvpa Frascati,asdlvpafrascati@gmail.com,https://www.tuttocampo.it/2025-26/Lazio/GiovanissimiRegionaliU15/GironeE/Squadra/LvpaFrascati/1237274/Scheda ,Inviato,2026-07-20,
Magnitudo FCCG,asd.magnitudo@gmail.com,https://www.tuttocampo.it/2025-26/Lazio/JunioresRegionaliBU19/GironeE/Squadra/MagnitudoFCCG/1082512/Scheda ,Inviato,2026-07-21,
Massimina,fcmassimina98@gmail.com,https://www.tuttocampo.it/2025-26/Lazio/GiovanissimiProvincialiU14/GironeCProvincialiFasciaBRoma/Squadra/Massimina/1291091/Scheda ,Inviato,2026-07-21,
MCO Calcio,,https://www.tuttocampo.it/2025-26/Lazio/AllieviProvincialiU17/GironeCProvincialiRoma/Squadra/MCOCalcio/1170262/Scheda ,Da contattare,,
Mentana,asdmentana.info@gmail.com,https://www.tuttocampo.it/2025-26/Lazio/AllieviProvincialiU16/GironeGRoma/Squadra/Mentana/1247111/Scheda ,Inviato,2026-07-21,
Miracoli Football Club,,https://www.tuttocampo.it/2025-26/Lazio/GiovanissimiProvincialiU15/GironeAProvincialiRoma/Squadra/MiracoliFootballClub/1172492/Scheda ,Da contattare,,
Monte San Biagio,fcdmontesanbiagio@gmail.com,https://www.tuttocampo.it/2025-26/Lazio/GiovanissimiRegionaliU15/GironeCRegionali/Squadra/MonteSanBiagio/1026134/Scheda ,Inviato,2026-07-20,
Montefiascone,,https://www.tuttocampo.it/2025-26/Lazio/AllieviProvincialiU17/GironeCProvincialiRoma/Squadra/Montefiascone/1145439/Scheda ,Da contattare,,
Monterosi Calcio,,https://www.tuttocampo.it/2025-26/Lazio/AllieviProvincialiU17/GironeCProvincialiRoma/Squadra/MonterosiCalcio/1290314/Scheda ,Da contattare,,
Monterotondo 1935,asdmonterotondo1935@gmail.com,https://www.tuttocampo.it/2025-26/Lazio/GiovanissimiRegionaliU15/GironeBRegionali/Squadra/Monterotondo1935/1205583/Scheda ,Inviato,2026-07-20,
Montespaccato,segreteria@montespaccatocalcio.it,https://www.tuttocampo.it/2025-26/Lazio/AllieviRegionaliU17/GironeARegionali/Squadra/Montespaccato/1035928/Scheda ,Inviato,2026-07-20,
Monti Prenestini 1919,polisportivamp1919@gmail.com,https://www.tuttocampo.it/2025-26/Lazio/GiovanissimiRegionaliU15/GironeDRegionaliRoma/Squadra/MontiPrenestini1919/1025872/Scheda ,Inviato,2026-07-20,
MYSP,,https://www.tuttocampo.it/2025-26/Lazio/GiovanissimiProvincialiU15/GironeBProvincialiRoma/Squadra/MYSP/1247917/Scheda ,Da contattare,,
National Soccer School,,https://www.tuttocampo.it/2025-26/Lazio/AllieviProvincialiU17/GironeCProvincialiRoma/Squadra/NationalSoccerSchool/1244987/Scheda ,Da contattare,,
Nettuno,asdnettunocalcio@gmail.com,https://www.tuttocampo.it/2025-26/Lazio/AllieviRegionaliU16/GironeCRegionali/Squadra/Nettuno/1025690/Scheda ,Inviato,2026-07-20,
Next Gen Lodigiani,,https://www.tuttocampo.it/2025-26/Lazio/GiovanissimiProvincialiU15/GironeHRoma/Squadra/NextGenLodigiani/1290701/Scheda ,Da contattare,,
Nova 7,novasette@gmail.com,https://www.tuttocampo.it/2025-26/Lazio/AllieviRegionaliU16/GironeBRegionali/Squadra/Nova7/1204011/Scheda ,Inviato,2026-07-20,
Nuova Aurora,,https://www.tuttocampo.it/2025-26/Lazio/AllieviRegionaliU17/GironeDRegionali/Squadra/NuovaAurora/1042807/Scheda ,Da contattare,,
Nuova Lunghezza,lunghezza.calcio@libero.it,https://www.tuttocampo.it/2025-26/Lazio/GiovanissimiProvincialiU14/GironeFProvincialiFasciaBRoma/Squadra/NuovaLunghezza/1248350/Scheda ,Inviato,2026-07-21,
Nuova Pescia Romana 2004,,https://www.tuttocampo.it/2025-26/Lazio/AllieviProvincialiU17/GironeCProvincialiRoma/Squadra/NuovaPesciaRomana2004/1290315/Scheda ,Da contattare,,
Nuova Polisportiva Agosta,,https://www.tuttocampo.it/2025-26/Lazio/GiovanissimiProvincialiU15/GironeEProvincialiRoma/Squadra/NuovaPolisportivaAgosta/1247932/Scheda ,Da contattare,,
Nuova Rieti Calcio,stampa.nuovarieticalcio@gmail.com,https://www.tuttocampo.it/2025-26/Lazio/GiovanissimiEliteU15/GironeAEccellenza/Squadra/NuovaRietiCalcio/1170678/Scheda ,Inviato,2026-07-20,
Nuova Tor Tre Teste,segreteria@gsdnuovatortreteste.it,https://www.tuttocampo.it/2025-26/Lazio/GiovanissimiEliteU15/GironeAEccellenza/Squadra/NuovaTorTreTeste/1021474/Scheda ,Inviato,2026-07-20,
Nuova Valle Aurelia,,https://www.tuttocampo.it/2025-26/Lazio/GiovanissimiRegionaliU15/GironeARegionali/Squadra/NuovaValleAurelia/1205699/Scheda ,Da contattare,,
Olimpica Roma,,https://www.tuttocampo.it/2025-26/Lazio/GiovanissimiProvincialiU15/GironeCProvincialiRoma/Squadra/OlimpicaRoma/1290697/Scheda ,Da contattare,,
Olimpus Roma,ufficiostampa@asolimpus.it,https://www.tuttocampo.it/2025-26/Lazio/GiovanissimiRegionaliU14/GironeE/Squadra/OlimpusRoma/1205967/Scheda ,Inviato,2026-07-20,
Olimpus Tiburtina Roma,,https://www.tuttocampo.it/2025-26/Lazio/GiovanissimiProvincialiU15/GironeEProvincialiRoma/Squadra/OlimpusTiburtinaRoma/1247924/Scheda ,Da contattare,,
OMCRoma,,https://www.tuttocampo.it/2025-26/Lazio/GiovanissimiProvincialiU15/GironeBProvincialiRoma/Squadra/OMCRoma/1205700/Scheda ,Da contattare,,
Orizzonte Sport 2012,,https://www.tuttocampo.it/2025-26/Lazio/GiovanissimiProvincialiU15/GironeCProvincialiRoma/Squadra/OrizzonteSport2012/1290698/Scheda ,Da contattare,,
Ostiamare,segreteria@ostiamare.it,https://www.tuttocampo.it/2025-26/Lazio/GiovanissimiEliteU15/GironeAEccellenza/Squadra/Ostiamare/1025115/Scheda ,Inviato,2026-07-20,
Ostiantica Calcio 1926,direzione.ostiantica@gmail.com,https://www.tuttocampo.it/2025-26/Lazio/GiovanissimiRegionaliU15/GironeARegionali/Squadra/OstianticaCalcio1926/1104433/Scheda ,Inviato,2026-07-20,
Ostiense Calcio,ssdostiensecalcio@gmail.com,https://www.tuttocampo.it/2025-26/Lazio/AllieviRegionaliU17/GironeARegionali/Squadra/OstienseCalcio/1080894/Scheda ,Inviato,2026-07-20,
Ottavia,ssdottavia@gmail.com,https://www.tuttocampo.it/2025-26/Lazio/GiovanissimiRegionaliU15/GironeARegionali/Squadra/Ottavia/1237274/Scheda ,Inviato,2026-07-20,
Palocco,,https://www.tuttocampo.it/2025-26/Lazio/JunioresRegionaliBU19/GironeARegionaliFasciaB/Squadra/Palocco/1136998/Scheda ,Da contattare,,
Palombara,palombaracalcio@gmail.com,https://www.tuttocampo.it/2025-26/Lazio/AllieviRegionaliU16/GironeBRegionali/Squadra/Palombara/1025900/Scheda ,Inviato,2026-07-20,
Panorama Football Academy,,https://www.tuttocampo.it/2025-26/Lazio/GiovanissimiProvincialiU14/GironeFProvincialiFasciaBRoma/Squadra/PanoramaFootballAcademy/1291234/Scheda ,Inviato,2026-07-20,
PC San Giorgio 2008,procalciosangiorgio@gmail.com,https://www.tuttocampo.it/2025-26/Lazio/GiovanissimiRegionaliU15/GironeDRegionaliRoma/Squadra/PCSanGiorgio2008/1025646/Scheda ,Inviato,2026-07-20,
Pescatori Ostia,asdpescatoriostia2.0@gmail.com,https://www.tuttocampo.it/2025-26/Lazio/GiovanissimiRegionaliU15/GironeCRegionali/Squadra/PescatoriOstia/1026255/Scheda ,Inviato,2026-07-20,
Petriana,petrianacalcio@gmail.com,https://www.tuttocampo.it/2025-26/Lazio/GiovanissimiRegionaliU15/GironeARegionali/Squadra/Petriana/1035965/Scheda ,Inviato,2026-07-20,
Petriana Calcio 1926,,https://www.tuttocampo.it/2025-26/Lazio/GiovanissimiProvincialiU14/GironeCProvincialiFasciaBRoma/Squadra/PetrianaCalcio1926/1291092/Scheda ,Da contattare,,
Pianadel Cavaliere,,https://www.tuttocampo.it/2025-26/Lazio/GiovanissimiProvincialiU15/GironeEProvincialiRoma/Squadra/PianadelCavaliere/1247933/Scheda ,Da contattare,,
Pianoscarano 1949,segreteria@pianoscaranocalcio.com,https://www.tuttocampo.it/2025-26/Lazio/GiovanissimiRegionaliU14/GironeARegionali/Squadra/Pianoscarano1949/1037205/Scheda ,Inviato,2026-07-20,
Play Selva Candida,segreteria@playselvacandida.it,https://www.tuttocampo.it/2025-26/Lazio/GiovanissimiProvincialiU15/GironeCProvincialiRoma/Squadra/PlaySelvaCandida/1247443/Scheda ,Inviato,2026-07-21,
Poggio Mirteto Calcio,asdpoggiomirtetocalcio2014@gmail.com,https://www.tuttocampo.it/2025-26/Lazio/AllieviRegionaliU17/GironeBRegionali/Squadra/PoggioMirtetoCalcio/1104040/Scheda ,Inviato,2026-07-20,
Pol Montorio Romano,,https://www.tuttocampo.it/2025-26/Lazio/AllieviProvincialiU16/GironeFRoma/Squadra/PolMontorioRomano/1247142/Scheda ,Da contattare,,
Pol Pian Due Torri,,https://www.tuttocampo.it/2025-26/Lazio/GiovanissimiProvincialiU14/GironeEProvincialiFasciaBRoma/Squadra/PolPianDueTorri/1291219/Scheda ,Da contattare,,
Pol. Canarini 1926 RDP,,https://www.tuttocampo.it/2025-26/Lazio/JunioresRegionaliBU19/GironeDRegionaliB/Squadra/PolCanarini1926RDP/1246508/Scheda ,Da contattare,,
Polisportiva Carso,asdpolisportivacarso@gmail.com,https://www.tuttocampo.it/2025-26/Lazio/GiovanissimiEliteU15/GironeBEccellenza/Squadra/PolisportivaCarso/1080539/Scheda ,Inviato,2026-07-20,
Polisportiva Ciampino,,https://www.tuttocampo.it/2025-26/Lazio/AllieviRegionaliU16/GironeE/Squadra/PolisportivaCiampino/1104279/Scheda ,Da contattare,,
Polisportiva De Rossi,,https://www.tuttocampo.it/2025-26/Lazio/JunioresEliteU19/GironeB/Squadra/PolisportivaDeRossi/1060011/Scheda ,Da contattare,,
Polisportiva G. Castello,,https://www.tuttocampo.it/2025-26/Lazio/GiovanissimiProvincialiU15/GironeAProvincialiRoma/Squadra/PolisportivaGCastello/1290680/Scheda ,Da contattare,,
Polisportiva Gaeta,turrini.ugo@gdf.it,https://www.tuttocampo.it/2025-26/Lazio/JunioresEliteU19/GironeB/Squadra/PolisportivaGaeta/1060081/Scheda ,Inviato,2026-07-20,
Polisportiva Ostiense,,https://www.tuttocampo.it/2025-26/Lazio/JunioresRegionaliBU19/GironeCRegionaliB/Squadra/PolisportivaOstiense/1041308/Scheda ,Da contattare,,
Polisportiva SFC,,https://www.tuttocampo.it/2025-26/Lazio/JunioresRegionaliBU19/GironeCRegionaliB/Squadra/PolisportivaSFC/1168911/Scheda ,Da contattare,,
Polisportiva Sonnino 1960,,https://www.tuttocampo.it/2025-26/Lazio/JunioresRegionaliBU19/GironeCRegionaliB/Squadra/PolisportivaSonnino1960/1018449/Scheda ,Da contattare,,
Polisportiva Tecchiena,,https://www.tuttocampo.it/2025-26/Lazio/JunioresRegionaliBU19/GironeDRegionaliB/Squadra/PolisportivaTecchiena/1036073/Scheda ,Da contattare,,
Polisportiva Valcomino,,https://www.tuttocampo.it/2025-26/Lazio/GiovanissimiRegionaliU14/GironeDRegionali/Squadra/PolisportivaValcomino/1246406/Scheda ,Da contattare,,
Pomezia Calcio 1957,segreteria.pomezia1957@gmail.com,https://www.tuttocampo.it/2025-26/Lazio/GiovanissimiEliteU15/GironeBEccellenza/Squadra/PomeziaCalcio1957/1104476/Scheda ,Inviato,2026-07-21,
Pro Calcio Castel Madama,asdprocalciocastelmadama@gmail.com,https://www.tuttocampo.it/2025-26/Lazio/GiovanissimiProvincialiU15/GironeEProvincialiRoma/Squadra/ProCalcioCastelMadama/1247934/Scheda ,Inviato,2026-07-21,
Pro Calcio Cecchina,asdprocalciocecchina@gmail.com,https://www.tuttocampo.it/2025-26/Lazio/JunioresEliteU19/GironeB/Squadra/ProCalcioCecchina/1137008/Scheda ,Inviato,2026-07-20,
Pro Calcio Tor Sapienza,pc.torsapienza@libero.it,https://www.tuttocampo.it/2025-26/Lazio/GiovanissimiRegionaliU15/GironeE/Squadra/ProCalcioTorSapienza/1035965/Scheda ,Inviato,2026-07-20,
Pro Fiano,profianocalcio@gmail.com,https://www.tuttocampo.it/2025-26/Lazio/AllieviRegionaliU17/GironeBRegionali/Squadra/ProFiano/1247055/Scheda ,Inviato,2026-07-21,
Pro Roma Calcio,segreteria.proroma@libero.it,https://www.tuttocampo.it/2025-26/Lazio/GiovanissimiRegionaliU15/GironeE/Squadra/ProRomaCalcio/1244576/Scheda ,Inviato,2026-07-21,
Quadraro Sport Roma,,https://www.tuttocampo.it/2025-26/Lazio/GiovanissimiProvincialiU14/GironeLRoma/Squadra/QuadraroSportRoma/1291373/Scheda ,Da contattare,,
Quartiere Campodell Oro,,https://www.tuttocampo.it/2025-26/Lazio/GiovanissimiProvincialiU14/GironeHProvincialiFasciaBRoma/Squadra/QuartiereCampodellOro/1291343/Scheda ,Da contattare,,
Queens Torrino,,https://www.tuttocampo.it/2025-26/Lazio/GiovanissimiProvincialiU14/GironeLRoma/Squadra/QueensTorrino/1291374/Scheda ,Da contattare,,
R11 Simonetta,asdr11simonetta@libero.it,https://www.tuttocampo.it/2025-26/Lazio/GiovanissimiRegionaliU15/GironeCRegionali/Squadra/R11Simonetta/913928/Scheda ,Inviato,2026-07-20,
Real Azzurra,polisportiva@realazzurra.it,https://www.tuttocampo.it/2025-26/Lazio/GiovanissimiRegionaliU15/GironeARegionali/Squadra/RealAzzurra/1244576/Scheda ,Inviato,2026-07-20,
Real Campagnano,acdrealcampagnano@libero.it,https://www.tuttocampo.it/2025-26/Lazio/JunioresRegionaliBU19/GironeARegionaliFasciaB/Squadra/RealCampagnano/1103851/Scheda ,Inviato,2026-07-21,
Real Fabricadi Roma C 11,,https://www.tuttocampo.it/2025-26/Lazio/AllieviProvincialiU17/GironeCProvincialiRoma/Squadra/RealFabricadiRomaC11/1290317/Scheda ,Da contattare,,
Real Latina,,https://www.tuttocampo.it/2025-26/Lazio/AllieviEliteU17/GironeBEccellenza/Squadra/RealLatina/1145864/Scheda ,Da contattare,,
Real Monterotondo,r.monterotondoscalo@gmail.com,https://www.tuttocampo.it/2025-26/Lazio/GiovanissimiRegionaliU15/GironeBRegionali/Squadra/RealMonterotondo/1025892/Scheda ,Inviato,2026-07-21,
Real Tirreno,,https://www.tuttocampo.it/2025-26/Lazio/JunioresRegionaliBU19/GironeBRegionaliB/Squadra/RealTirreno/1284909/Scheda ,Da contattare,,
Real Vis Artena,amministrazionevisartena@gmail.com,https://www.tuttocampo.it/2025-26/Lazio/GiovanissimiRegionaliU14/GironeDRegionali/Squadra/RealVisArtena/1204716/Scheda ,Inviato,2026-07-20,
RealCassino,dikapitan@libero.it,https://www.tuttocampo.it/2025-26/Lazio/AllieviRegionaliU17/GironeDRegionali/Squadra/RealCassino/1057619/Scheda ,Inviato,2026-07-21,
Red Tigers 1957,info@giardinetti1957.com,https://www.tuttocampo.it/2025-26/Lazio/GiovanissimiEliteU15/GironeAEccellenza/Squadra/RedTigers1957/1080538/Scheda ,Inviato,2026-07-20,
Riano Calcio,rianocalcio@gmail.com,https://www.tuttocampo.it/2025-26/Lazio/GiovanissimiRegionaliU15/GironeBRegionali/Squadra/RianoCalcio/1244570/Scheda ,Inviato,2026-07-20,
Rieti City Soccer Club,,https://www.tuttocampo.it/2025-26/Lazio/AllieviProvincialiU16/GironeFRoma/Squadra/RietiCitySoccerClub/1247155/Scheda ,Da contattare,,
Rocca Priora RDP Calcio,segreteria@roccaprioracalcio.it,https://www.tuttocampo.it/2025-26/Lazio/JunioresRegionaliBU19/GironeE/Squadra/RoccaPrioraRDPCalcio/1082521/Scheda ,Inviato,2026-07-21,
Roccasecca T. San Tommaso,,https://www.tuttocampo.it/2025-26/Lazio/JunioresRegionaliBU19/GironeDRegionaliB/Squadra/RoccaseccaTSanTommaso/1204628/Scheda ,Da contattare,,
Roma,,https://www.tuttocampo.it/2025-26/Lazio/GiovanissimiProvincialiU15/GironeGProvincialiRoma/Squadra/Roma/1290719/Scheda ,Da contattare,,
Roma Calcio Femminile,,https://www.tuttocampo.it/2025-26/Lazio/GiovanissimiProvincialiU14/GironeFProvincialiFasciaBRoma/Squadra/RomaCalcioFemminile/1248351/Scheda ,Da contattare,,
Roma City F.C.,office@romacityfc.com,https://www.tuttocampo.it/2025-26/Lazio/GiovanissimiRegionaliU15/GironeBRegionali/Squadra/RomaCityFC/1248639/Scheda ,Inviato,2026-07-20,
Roma Team Sport Queens,info@asdqueens.it,https://www.tuttocampo.it/2025-26/Lazio/GiovanissimiRegionaliU15/GironeE/Squadra/RomaTeamSportQueens/1129066/Scheda ,Inviato,2026-07-20,
Romaria,segreteria@scuolacalcioromaria.it,https://www.tuttocampo.it/2025-26/Lazio/GiovanissimiRegionaliU14/GironeARegionali/Squadra/Romaria/1027425/Scheda ,Inviato,2026-07-20,
Romasq C,,https://www.tuttocampo.it/2025-26/Lazio/GiovanissimiProvincialiU14/GironeLRoma/Squadra/RomasqC/1291367/Scheda ,Da contattare,,
S. Paolo Ostiense,info@oratoriosanpaolo.it,https://www.tuttocampo.it/2025-26/Lazio/GiovanissimiEliteU15/GironeAEccellenza/Squadra/SPaoloOstiense/1035983/Scheda ,Inviato,2026-07-20,
S.P.O.,,https://www.tuttocampo.it/2025-26/Lazio/GiovanissimiProvincialiU15/GironeAProvincialiRoma/Squadra/SPO/1290683/Scheda ,Da contattare,,
Sa.Ma.Gor.,samagorcalcio@libero.it,https://www.tuttocampo.it/2025-26/Lazio/GiovanissimiEliteU15/GironeBEccellenza/Squadra/SaMaGor/1025194/Scheda ,Inviato,2026-07-20,
Sabaudia 1949,,https://www.tuttocampo.it/2025-26/Lazio/AllieviRegionaliU17/GironeCRegionali/Squadra/Sabaudia1949/1026141/Scheda ,Da contattare,,
Sabazia Calcio,,https://www.tuttocampo.it/2025-26/Lazio/GiovanissimiProvincialiU14/GironeHProvincialiFasciaBRoma/Squadra/SabaziaCalcio/1291344/Scheda ,Da contattare,,
Salaria FC,info@salariafc.it,https://www.tuttocampo.it/2025-26/Lazio/GiovanissimiRegionaliU15/GironeARegionali/Squadra/SalariaFC/1129066/Scheda ,Inviato,2026-07-20,
Sambenedettese FL,,https://www.tuttocampo.it/2025-26/Lazio/JunioresRegionaliBU19/GironeE/Squadra/SambenedetteseFL/1246516/Scheda ,Da contattare,,
San Lorenzo Calcio,info@sanlorenzocalcio.net,https://www.tuttocampo.it/2025-26/Lazio/GiovanissimiRegionaliU15/GironeE/Squadra/SanLorenzoCalcio/1060321/Scheda ,Inviato,2026-07-20,
San Pio X,,https://www.tuttocampo.it/2025-26/Lazio/GiovanissimiProvincialiU14/GironeHProvincialiFasciaBRoma/Squadra/SanPioX/1245018/Scheda ,Da contattare,,
Santa Lucia Calcio,asdsantaluciacalcio@libero.it,https://www.tuttocampo.it/2025-26/Lazio/GiovanissimiProvincialiU15/GironeEProvincialiRoma/Squadra/SantaLuciaCalcio/1145569/Scheda ,Inviato,2026-07-21,
Santa Marinella 1947,CRL920919.PEC@LAZIO.LND.IT,https://www.tuttocampo.it/2025-26/Lazio/JunioresRegionaliBU19/GironeARegionaliFasciaB/Squadra/SantaMarinella1947/1145339/Scheda ,Inviato,2026-07-21,
Santa Melania,,https://www.tuttocampo.it/2025-26/Lazio/GiovanissimiProvincialiU14/GironeEProvincialiFasciaBRoma/Squadra/SantaMelania/1291221/Scheda ,Da contattare,,
Savio,info@saviocalcio.it,https://www.tuttocampo.it/2025-26/Lazio/GiovanissimiEliteU15/GironeBEccellenza/Squadra/Savio/1025089/Scheda ,Inviato,2026-07-20,
Saxa Flaminia Labaro,saxaflaminialabaro@gmail.com,https://www.tuttocampo.it/2025-26/Lazio/GiovanissimiRegionaliU15/GironeBRegionali/Squadra/SaxaFlaminiaLabaro/1247926/Scheda ,Inviato,2026-07-20,
SC Due Ponti Calcio,,https://www.tuttocampo.it/2025-26/Lazio/AllieviProvincialiU17/GironeBProvincialiRoma/Squadra/SCDuePontiCalcio/1247044/Scheda ,Da contattare,,
Semprevisa,,https://www.tuttocampo.it/2025-26/Lazio/JunioresRegionaliBU19/GironeDRegionaliB/Squadra/Semprevisa/1245322/Scheda ,Da contattare,,
Settebagni Calcio Salario,,https://www.tuttocampo.it/2025-26/Lazio/GiovanissimiProvincialiU15/GironeCProvincialiRoma/Squadra/SettebagniCalcioSalario/1025162/Scheda ,Da contattare,,
Setteville Caserosse,,https://www.tuttocampo.it/2025-26/Lazio/GiovanissimiProvincialiU15/GironeEProvincialiRoma/Squadra/SettevilleCaserosse/1247935/Scheda ,Da contattare,,
Sora Calcio 1907,asdsoracalcio1907@gmail.com,https://www.tuttocampo.it/2025-26/Lazio/GiovanissimiRegionaliU15/GironeDRegionaliRoma/Squadra/SoraCalcio1907/1106044/Scheda ,Inviato,2026-07-20,
Sorianese,,https://www.tuttocampo.it/2025-26/Lazio/JunioresRegionaliBU19/GironeARegionaliFasciaB/Squadra/Sorianese/1082568/Scheda ,Da contattare,,
Spes Artiglio,info@spesartiglio.com,https://www.tuttocampo.it/2025-26/Lazio/GiovanissimiRegionaliU15/GironeBRegionali/Squadra/SpesArtiglio/1026170/Scheda ,Inviato,2026-07-20,
Spes Montesacro,info@spesmontesacro.it,https://www.tuttocampo.it/2025-26/Lazio/GiovanissimiEliteU15/GironeAEccellenza/Squadra/SpesMontesacro/1019841/Scheda ,Inviato,2026-07-20,
Spes Mundial FC,info@mundialfootballclub.it,https://www.tuttocampo.it/2025-26/Lazio/GiovanissimiRegionaliU15/GironeDRegionaliRoma/Squadra/SpesMundialFC/1129065/Scheda ,Inviato,2026-07-20,
Sporting Nuova Florida,sportingnuovaflorida@gmail.com,https://www.tuttocampo.it/2025-26/Lazio/JunioresRegionaliBU19/GironeCRegionaliB/Squadra/SportingNuovaFlorida/1242360/Scheda ,Inviato,2026-07-21,
Sporting San Cesareo,info@diamouncalcioalbullismo.it,https://www.tuttocampo.it/2025-26/Lazio/AllieviEliteU17/GironeBEccellenza/Squadra/SportingSanCesareo/1203844/Scheda ,Inviato,2026-07-20,
SPQV Velletri Calcio,info@velletricalcio.it,https://www.tuttocampo.it/2025-26/Lazio/AllieviRegionaliU17/GironeCRegionali/Squadra/SPQVVelletriCalcio/1104031/Scheda ,Inviato,2026-07-21,
SS Romulea,mail@ssromulea.it,https://www.tuttocampo.it/2025-26/Lazio/GiovanissimiEliteU15/GironeBEccellenza/Squadra/SSRomulea/1027224/Scheda ,Inviato,2026-07-20,
SS Vittoria Roma 1908,segreteria@vittoriaroma.it,https://www.tuttocampo.it/2025-26/Lazio/JunioresEliteU19/GironeA/Squadra/SSVittoriaRoma1908/1204980/Scheda ,Inviato,2026-07-20,
SS. Pietro e Paolo,,https://www.tuttocampo.it/2025-26/Lazio/GiovanissimiRegionaliU14/GironeCRegionali/Squadra/SSPietroePaolo/1026079/Scheda ,Da contattare,,
Stella Polare De La Salle,stellapolaredls@gmail.com,https://www.tuttocampo.it/2025-26/Lazio/AllieviProvincialiU17/GironeBProvincialiRoma/Squadra/StellaPolareDeLaSalle/1290499/Scheda ,Inviato,2026-07-21,
Sterparo,,https://www.tuttocampo.it/2025-26/Lazio/JunioresRegionaliBU19/GironeDRegionaliB/Squadra/Sterparo/1245323/Scheda ,Da contattare,,
SVS Roma,segreteria@svsroma.it,https://www.tuttocampo.it/2025-26/Lazio/GiovanissimiRegionaliU15/GironeE/Squadra/SVSRoma/1145611/Scheda ,Inviato,2026-07-20,
Tarquinia Calcio,,https://www.tuttocampo.it/2025-26/Lazio/JunioresRegionaliBU19/GironeARegionaliFasciaB/Squadra/TarquiniaCalcio/1170211/Scheda ,Da contattare,,
Terracina 1925,,https://www.tuttocampo.it/2025-26/Lazio/JunioresRegionaliBU19/GironeCRegionaliB/Squadra/Terracina1925/1042057/Scheda ,Da contattare,,
Testaccio68,,https://www.tuttocampo.it/2025-26/Lazio/GiovanissimiProvincialiU15/GironeBProvincialiRoma/Squadra/Testaccio68/1021424/Scheda ,Da contattare,,
Tevere Roma 1959,asdtevereroma1959@gmail.com,https://www.tuttocampo.it/2025-26/Lazio/AllieviRegionaliU17/GironeBRegionali/Squadra/TevereRoma1959/1025845/Scheda ,Inviato,2026-07-20,
Tirreno Sansa,enricolandi46@gmail.com,https://www.tuttocampo.it/2025-26/Lazio/GiovanissimiRegionaliU15/GironeBRegionali/Squadra/TirrenoSansa/1025261/Scheda ,Inviato,2026-07-20,
Tivoli Calcio 1919,comunicazioni@tivolicalcio1919.it,https://www.tuttocampo.it/2025-26/Lazio/AllieviEliteU17/GironeAEccellenza/Squadra/TivoliCalcio1919/1060104/Scheda ,Inviato,2026-07-20,
Tolfa Calcio,,https://www.tuttocampo.it/2025-26/Lazio/AllieviProvincialiU17/GironeAProvincialiRoma/Squadra/TolfaCalcio/1244989/Scheda ,Da contattare,,
Tor di Quinto,segreteria@centrosportivotordiquinto.com,https://www.tuttocampo.it/2025-26/Lazio/GiovanissimiEliteU15/GironeBEccellenza/Squadra/TordiQuinto/1026257/Scheda ,Inviato,2026-07-20,
Tor Lupara,,https://www.tuttocampo.it/2025-26/Lazio/JunioresRegionaliBU19/GironeBRegionaliB/Squadra/TorLupara/1062867/Scheda ,Da contattare,,
Tor Sapienza,asdtorsapienza@gmail.com,https://www.tuttocampo.it/2025-26/Lazio/GiovanissimiRegionaliU15/GironeDRegionaliRoma/Squadra/TorSapienza/1036016/Scheda ,Inviato,2026-07-20,
TorTreTesteNextGen,,https://www.tuttocampo.it/2025-26/Lazio/GiovanissimiProvincialiU15/GironeBProvincialiRoma/Squadra/TorTreTesteNextGen/1290694/Scheda ,Da contattare,,
Trastevere Calcio,trasteverefc@gmail.com,https://www.tuttocampo.it/2025-26/Lazio/GiovanissimiEliteU15/GironeAEccellenza/Squadra/TrastevereCalcio/1059061/Scheda ,Inviato,2026-07-21,
Tridente Calcio,info@tridentecalcio.it,https://www.tuttocampo.it/2025-26/Lazio/GiovanissimiProvincialiU14/GironeFProvincialiFasciaBRoma/Squadra/TridenteCalcio/1291233/Scheda ,Inviato,2026-07-21,
Trigoria,info@asdtrigoria.it,https://www.tuttocampo.it/2025-26/Lazio/GiovanissimiRegionaliU15/GironeCRegionali/Squadra/Trigoria/1063885/Scheda ,Inviato,2026-07-20,
Unipomezia 1938,asdunipomezia1938@gmail.com,https://www.tuttocampo.it/2025-26/Lazio/GiovanissimiRegionaliU15/GironeCRegionali/Squadra/Unipomezia1938/1021358/Scheda ,Inviato,2026-07-20,
Urbe Academy,,https://www.tuttocampo.it/2025-26/Lazio/GiovanissimiProvincialiU15/GironeAProvincialiRoma/Squadra/UrbeAcademy/1290677/Scheda ,Da contattare,,
Urbetevere Calcio,urbeteverecalcio@gmail.com,https://www.tuttocampo.it/2025-26/Lazio/GiovanissimiEliteU15/GironeAEccellenza/Squadra/UrbetevereCalcio/1080534/Scheda ,Inviato,2026-07-20,
Valle Martella Calcio,asd.vallemartella@libero.it,https://www.tuttocampo.it/2025-26/Lazio/GiovanissimiProvincialiU15/GironeFProvincialiRoma/Squadra/ValleMartellaCalcio/1290718/Scheda ,Inviato,2026-07-21,
Valmontone 1921,ssdvalmontone1921@gmail.com,https://www.tuttocampo.it/2025-26/Lazio/AllieviRegionaliU17/GironeDRegionali/Squadra/Valmontone1921/1243952/Scheda ,Inviato,2026-07-20,
Vesta,info@vestacalcio.it,https://www.tuttocampo.it/2025-26/Lazio/JunioresRegionaliBU19/GironeE/Squadra/Vesta/1126748/Scheda ,Inviato,2026-07-21,
Vicovaro,,https://www.tuttocampo.it/2025-26/Lazio/GiovanissimiProvincialiU15/GironeEProvincialiRoma/Squadra/Vicovaro/1247937/Scheda ,Da contattare,,
VignaPia,,https://www.tuttocampo.it/2025-26/Lazio/GiovanissimiProvincialiU15/GironeBProvincialiRoma/Squadra/VignaPia/1247456/Scheda ,Da contattare,,
Vigor Perconti,santori.ugo@gmail.com,https://www.tuttocampo.it/2025-26/Lazio/GiovanissimiEliteU15/GironeAEccellenza/Squadra/VigorPerconti/1027250/Scheda ,Inviato,2026-07-20,
Vigor Rignano Flaminio,asdvigorrignanoflaminio@gmail.com,https://www.tuttocampo.it/2025-26/Lazio/GiovanissimiRegionaliU14/GironeBRegionali/Squadra/VigorRignanoFlaminio/1129227/Scheda ,Inviato,2026-07-20,
Villa Adriana,,https://www.tuttocampo.it/2025-26/Lazio/GiovanissimiProvincialiU15/GironeEProvincialiRoma/Squadra/VillaAdriana/1247938/Scheda ,Da contattare,,
Villalba Ocres Moca 1952,info@villalbacalcio.it,https://www.tuttocampo.it/2025-26/Lazio/AllieviEliteU17/GironeAEccellenza/Squadra/VillalbaOcresMoca1952/1199334/Scheda ,Inviato,2026-07-20,
Virtus Marinadi San Nicola,,https://www.tuttocampo.it/2025-26/Lazio/GiovanissimiProvincialiU14/GironeHProvincialiFasciaBRoma/Squadra/VirtusMarinadiSanNicola/1204421/Scheda ,Da contattare,,
Virtus Pionieri,,https://www.tuttocampo.it/2025-26/Lazio/GiovanissimiProvincialiU15/GironeEProvincialiRoma/Squadra/VirtusPionieri/1290712/Scheda ,Da contattare,,
Virtus Roma,,https://www.tuttocampo.it/2025-26/Lazio/AllieviProvincialiU16/GironeEFasciaBRoma/Squadra/VirtusRoma/1290602/Scheda ,Da contattare,,
Virtus Torre Maura,,https://www.tuttocampo.it/2025-26/Lazio/AllieviRegionaliU16/GironeE/Squadra/VirtusTorreMaura/1082762/Scheda ,Da contattare,,
Vis Aurelia,segreteria@ssvisaurelia.it,https://www.tuttocampo.it/2025-26/Lazio/GiovanissimiRegionaliU15/GironeARegionali/Squadra/VisAurelia/1063904/Scheda ,Inviato,2026-07-20,
Vis Bracciano FC,,https://www.tuttocampo.it/2025-26/Lazio/JunioresProvincialiU19/GironeARomaProvinciali/Squadra/VisBraccianoFC/1290431/Scheda ,Da contattare,,
Vis Casilina,asdcasilina@gmail.com,https://www.tuttocampo.it/2025-26/Lazio/AllieviRegionaliU17/GironeDRegionali/Squadra/VisCasilina/1145413/Scheda ,Inviato,2026-07-20,
Vis S Mariadelle Mole,,https://www.tuttocampo.it/2025-26/Lazio/GiovanissimiProvincialiU14/GironeIRoma/Squadra/VisSMariadelleMole/1291354/Scheda ,Da contattare,,
Vis Sezze,vissezze@gmail.com,https://www.tuttocampo.it/2025-26/Lazio/JunioresEliteU19/GironeB/Squadra/VisSezze/1082265/Scheda ,Inviato,2026-07-20,
Vis Subiaco,,https://www.tuttocampo.it/2025-26/Lazio/JunioresRegionaliBU19/GironeBRegionaliB/Squadra/VisSubiaco/1063347/Scheda ,Da contattare,,
Viterbese,segreteria@fcviterbo.it,https://www.tuttocampo.it/2025-26/Lazio/GiovanissimiEliteU15/GironeAEccellenza/Squadra/Viterbese/1127035/Scheda ,Inviato,2026-07-20,
W3 Maccarese,info@w3maccarese.it,https://www.tuttocampo.it/2025-26/Lazio/GiovanissimiRegionaliU15/GironeARegionali/Squadra/W3Maccarese/1104381/Scheda ,Inviato,2026-07-20,
Zagarolo Calcio,amministrazione.zagarolocalcio@gmail.com,https://www.tuttocampo.it/2025-26/Lazio/GiovanissimiProvincialiU15/GironeFProvincialiRoma/Squadra/ZagaroloCalcio/1291848/Scheda ,Inviato,2026-07-21,
Monterotondo Calcio (Castrum),castrumsegreteria@gmail.com,,Inviato,2026-07-21,
Eur 9,eur9corsi@gmail.com,,Inviato,2026-07-21,
Pomezia Calcio 1957 (2),asdpomeziacalcio1957@gmail.com,,Inviato,2026-07-21,
Eretum Monterotondo,eretummonterotondo@gmail.com,,Inviato,2026-07-21,
Atletico Lodigiani,info@atleticolodigiani.eu,,Inviato,2026-07-21,
Colberoma Academy,asdcolberoma.academy@yahoo.com,,Inviato,2026-07-21,
Dago Academy,dagosoccert@gmail.com,,Inviato,2026-07-21,
Castelnuovese Calcio,castelnuovesecalcio@gmail.com,,Inviato,2026-07-21,
Emotional Sport,emotionalsport@mail.com,,Inviato,2026-07-21,
Etrurians,asdetrurians@gmail.com,,Inviato,2026-07-21,
Atletico Appio,asdatleticoappio@gmail.com,,Inviato,2026-07-21,
Valmontone 1921 Academy,valmontone1921academy@gmail.com,,Inviato,2026-07-21,
Pro Calcio Tor Sapienza (2),asdprocalciotorsapienza@gmail.it,,Inviato,2026-07-21,
Polisportiva Virgilio,polisportiva.virgilio@gmail.com,,Inviato,2026-07-21,
Danzarmonia Academy,scuoladanzarmonia@gmail.com,,Inviato,2026-07-21,
Cecchignola,asdcecchignola8@gmail.com,,Inviato,2026-07-21,
Acquapenosa,acquapenosa@gmail.com,,Inviato,2026-07-21,
Polisportiva Monteflavio,segreteria@asdpolisportivamonteflavio.it,,Inviato,2026-07-21,
Ostia 1884,ostia1884@gmail.com,,Inviato,2026-07-21,
SPQV Velletri (2),spqvelletricalcio@gmail.com,,Inviato,2026-07-21,
Cynthia Genzano Academy,scuolacalcio@cynthia1920.it,,Inviato,2026-07-21,
Nomen,usnomen.academy@gmail.com,,Inviato,2026-07-21,
Certosa Calcio (2),calciocertosa@gmail.com,,Inviato,2026-07-21,
Savio 1968,info@saviocalcio.it,,Inviato,2026-07-21,
Accademia Sports Roma,accademiasportsroma@gmail.com,,Inviato,2026-07-21,
Italian Kick Off,info@itkk.it,,Inviato,2026-07-21,
Marymount,segreteriassd@marymountsport.it,,Inviato,2026-07-21,
Aurelia ASD,asdaurelia@gmail.com,,Inviato,2026-07-21,
Nomen Angels,asdnomen@gmail.com,,Inviato,2026-07-21,
Santa Francesca Cabrini 98,segreteria@sfcabrini98.it,,Inviato,2026-07-21,
Athletic Soccer Formello,gserafini.formellocalcio@gmail.com,,Inviato,2026-07-21,
Atletico Marino,segreteria.atleticomarino@gmail.com,,Inviato,2026-07-21,
CSV Breda (2),csvbreda2014@gmail.com,,Inviato,2026-07-21,
Soratte,INFO.USDSORATTE@GMAIL.COM,,Inviato,2026-07-21,
Tevere Roma (2),TEVEREROMA@LIBERO.IT,,Inviato,2026-07-21,